[{"value": {"name": "images\\Shade_Cloak_Icon.png"}, "isImage": true}, {"value": {"name": "images\\B_Nosk.png"}, "isImage": true}, {"value": {"name": "images\\Fragile_Greed.png"}, "isImage": true}, {"value": {"name": "images\\B_Uumuu.png"}, "isImage": true}, {"value": {"name": "images\\\u0421\u0430\u0434\u044b \u041a\u043e\u0440\u043e\u043b\u0435\u0432\u044b.png"}, "isImage": true}, {"value": {"name": "images\\\u041a\u0440\u0438\u0441\u0442\u0430\u043b\u043b\u0438\u0447\u0435\u0441\u043a\u0438\u0439 \u043f\u0438\u043a.png"}, "isImage": true}, {"value": {"name": "images\\Dash_Slash.png"}, "isImage": true}, {"value": {"name": "images\\Dreamshield.png"}, "isImage": true}, {"value": {"name": "images\\Trial_of_the_Conqueror.png"}, "isImage": true}, {"value": {"name": "images\\23233F_3F3F%3F.png"}, "isImage": true}, {"value": {"name": "images\\\u041a\u043e\u0440\u043e\u043b\u0435\u0432\u0441\u043a\u0438\u0435 \u0421\u0442\u043e\u043a\u0438.png"}, "isImage": true}, {"value": {"name": "images\\Wayward_Compass.png"}, "isImage": true}, {"value": {"name": "int_images/B_Grey_Prince_Zote.png"}, "isImage": true, "number": 6}, {"value": {"name": "images\\Sprintmaster.png"}, "isImage": true}, {"value": {"name": "images\\Spore_Shroom.png"}, "isImage": true}, {"value": {"name": "images\\Sharp_Shadow.png"}, "isImage": true}, {"value": {"name": "images\\1\u0420\u0430\u0437\u0431\u0438\u0442\u044b\u0439_\u0441\u043e\u0441\u0443\u0434.png"}, "isImage": true}, {"value": {"name": "images\\HJ_Markoth.png"}, "isImage": true}, {"value": {"name": "images\\Abyss_Shriek_Icon.png"}, "isImage": true}, {"value": {"name": "images\\Tram_Pass.png"}, "isImage": true}, {"value": {"name": "images\\Vengeful_Spirit_Icon.png"}, "isImage": true}, {"value": {"name": "images\\HJ_Gorb.png"}, "isImage": true}, {"value": {"name": "int_images/Grub.png"}, "isImage": true, "number": 9}, {"value": {"name": "images\\Lyren.png"}, "isImage": true}, {"value": {"name": "images\\\u0417\u0435\u043c\u043b\u0438 \u0423\u043f\u043e\u043a\u043e\u0435\u043d\u0438\u044f.png"}, "isImage": true}]