{
  "intel": [
    {
      "name": "int_images/cells.png",
      "range": {
        "min": 5,
        "max": 8
      }
    },
    {
      "name": "int_images/Geo.png",
      "range": {
        "min": 10000,
        "max": 30000
      }
    },
    {
      "name": "int_images/B_Grey_Prince_Zote.png",
      "range": {
        "min": 6,
        "max": 10
      }
    },
    {
      "name": "int_images/Grub.png",
      "range": {
        "min": 38,
        "max": 46
      }
    },
    {
      "name": "int_images/Pale_Ore.png",
      "range": {
        "min": 4,
        "max": 6
      }
    },
    {
      "name": "int_images/Rancid_Egg.png",
      "range": {
        "min": 21,
        "max": 50
      }
    },
    {
      "name": "int_images/Health_Piece.png",
      "range": {
        "min": 13,
        "max": 16
      }
    },
    {
      "name": "int_images/Vessel_Fragment.png",
      "range": {
        "min": 7,
        "max": 9
      }
    },
    {
      "name": "int_images/gvozd_grez.png",
      "range": {
        "min": 2001,
        "max": 3000
      }
    },
    {
      "name": "int_images/amulets.png",
      "range": {
        "min": 35,
        "max": 44
      }
    },
    {
      "name": "int_images/panteons.png",
      "range": {
        "min": 4,
        "max": 5
      }
    }
  ]
}