{
  "intel": [
    {
      "name": "int_images/cells.png",
      "range": {
        "min": 1,
        "max": 4
      }
    },
    {
      "name": "int_images/Geo.png",
      "range": {
        "min": 5000,
        "max": 10000
      }
    },
    {
      "name": "int_images/B_Grey_Prince_Zote.png",
      "range": {
        "min": 1,
        "max": 5
      }
    },
    {
      "name": "int_images/Grub.png",
      "range": {
        "min": 1,
        "max": 37
      }
    },
    {
      "name": "int_images/Pale_Ore.png",
      "range": {
        "min": 1,
        "max": 3
      }
    },
    {
      "name": "int_images/Rancid_Egg.png",
      "range": {
        "min": 1,
        "max": 20
      }
    },
    {
      "name": "int_images/Health_Piece.png",
      "range": {
        "min": 1,
        "max": 12
      }
    },
    {
      "name": "int_images/Vessel_Fragment.png",
      "range": {
        "min": 1,
        "max": 6
      }
    },
    {
      "name": "int_images/gvozd_grez.png",
      "range": {
        "min": 1,
        "max": 2000
      }
    },
    {
      "name": "int_images/amulets.png",
      "range": {
        "min": 1,
        "max": 34
      }
    },
    {
      "name": "int_images/panteons.png",
      "range": {
        "min": 1,
        "max": 3
      }
    }
  ]
}